B-2025000001;L-0002;Arbeitszimmer;01.01.2025;01.01.2025;-107,60;0,00;-107,60;canceled;Aufwendungen für ein häusliches Arbeitszimmer
B-2025000002;L-0011;Homepage;03.01.2025;03.01.2025;-9,99;0,00;-9,99;paid;Werbekosten
B-2025000001-1;L-0002;Arbeitszimmer;01.01.2025;01.01.2025;-119,82;0,00;-119,82;paid;Aufwendungen für ein häusliches Arbeitszimmer
B-2025000004;L-0039;Managed Nextcloud;08.01.2025;08.01.2025;-5,11;0,00;-5,11;paid;Fremdleistung (Dienstleistung)
B-2025000005;L-0019;Cloud-Backup;09.01.2025;09.01.2025;-0,67;0,00;-0,67;paid;Fremdleistung (Dienstleistung)
B-2025000006;L-0009;Cloud-Backup;03.01.2025;03.01.2025;-0,36;0,00;-0,36;paid;Fremdleistung (Dienstleistung)
B-2025000008;L-0036;Poc Akkustik-App mit Low Code;27.01.2025;27.01.2025;-1.000,00;0,00;-1.000,00;paid;Fremdleistung (Dienstleistung)
B-2025000009;L-0002;Arbeitszimmer;01.02.2025;01.02.2025;-118,13;0,00;-118,13;paid;Aufwendungen für ein häusliches Arbeitszimmer
B-2025000010;L-0011;Homepage;03.02.2025;03.02.2025;-9,99;0,00;-9,99;paid;Werbekosten
B-2025000011;L-0039;Managed Nextcloud;08.02.2025;08.02.2025;-5,11;0,00;-5,11;paid;Fremdleistung (Dienstleistung)
B-2025000012;L-0036;Poc Akkustik-App mit Low Code;07.02.2025;14.02.2025;-1.000,00;0,00;-1.000,00;paid;Fremdleistung (Dienstleistung)
B-2025000013;L-0019;Cloud-Backup;09.02.2025;16.02.2025;-0,68;0,00;-0,68;paid;Fremdleistung (Dienstleistung)
B-2025000014;L-0009;Cloud-Backup;02.02.2025;09.02.2025;-0,31;0,00;-0,31;paid;Fremdleistung (Dienstleistung)
B-2025000015;L-0002;Arbeitszimmer;01.03.2025;01.03.2025;-118,13;0,00;-118,13;paid;Aufwendungen für ein häusliches Arbeitszimmer
B-2025000016;L-0011;Homepage;03.03.2025;03.03.2025;-9,99;0,00;-9,99;paid;Werbekosten
B-2025000017;L-0039;Managed Nextcloud;08.03.2025;08.03.2025;-5,11;0,00;-5,11;paid;Fremdleistung (Dienstleistung)
B-2025000018;L-0010;Telefon;01.03.2025;16.03.2025;-10,00;0,00;-10,00;paid;Telefon
B-2025000019;L-0019;Cloud-Backup;09.03.2025;16.03.2025;-0,71;0,00;-0,71;paid;Fremdleistung (Dienstleistung)
B-2025000020;L-0009;Cloud-Backup;02.03.2025;09.03.2025;-0,30;0,00;-0,30;paid;Fremdleistung (Dienstleistung)
B-2025000021;L-0002;Arbeitszimmer;01.04.2025;01.04.2025;-118,13;0,00;-118,13;paid;Aufwendungen für ein häusliches Arbeitszimmer
B-2025000022;L-0011;Homepage;03.04.2025;03.04.2025;-9,99;0,00;-9,99;paid;Werbekosten
B-2025000023;L-0039;Managed Nextcloud;08.04.2025;08.04.2025;-5,11;0,00;-5,11;paid;Fremdleistung (Dienstleistung)
B-2025000024;L-0019;Cloud-Backup;09.04.2025;16.04.2025;-0,75;0,00;-0,75;paid;Fremdleistung (Dienstleistung)
B-2025000025;L-0009;Cloud-Backup;02.04.2025;09.04.2025;-0,33;0,00;-0,33;paid;Fremdleistung (Dienstleistung)
B-2025000026;L-0002;Arbeitszimmer;01.05.2025;01.05.2025;-118,13;0,00;-118,13;paid;Aufwendungen für ein häusliches Arbeitszimmer
B-2025000027;L-0011;Homepage;03.05.2025;03.05.2025;-9,99;0,00;-9,99;paid;Werbekosten
B-2025000029;L-0039;Managed Nextcloud;08.05.2025;08.05.2025;-5,11;0,00;-5,11;paid;Fremdleistung (Dienstleistung)
B-2025000030;L-0001;Software-Abo 2025;05.05.2025;07.05.2025;-141,37;0,00;-141,37;paid;Software/EDV (Büroartikel)
B-2025000031;L-0019;Cloud-Backup;09.05.2025;09.05.2025;-0,79;0,00;-0,79;paid;Fremdleistung (Dienstleistung)
B-2025000032;L-0009;Cloud-Backup;02.05.2025;19.05.2025;-0,32;0,00;-0,32;paid;Fremdleistung (Dienstleistung)
B-2025000033;L-0002;Arbeitszimmer;01.06.2025;01.06.2025;-118,13;0,00;-118,13;paid;Aufwendungen für ein häusliches Arbeitszimmer
B-2025000034;L-0011;Homepage;03.06.2025;10.06.2025;-9,99;0,00;-9,99;paid;Werbekosten
B-2025000035;L-0039;Managed Nextcloud;08.06.2025;08.06.2025;-5,11;0,00;-5,11;paid;Fremdleistung (Dienstleistung)
B-2025000036;L-0019;Cloud-Backup;09.06.2025;09.06.2025;-0,79;0,00;-0,79;paid;Fremdleistung (Dienstleistung)
B-2025000037;L-0009;Cloud-Backup;02.06.2025;19.06.2025;-0,28;0,00;-0,28;paid;Fremdleistung (Dienstleistung)
B-2025000038;L-0002;Arbeitszimmer;01.07.2025;01.07.2025;-118,13;0,00;-118,13;paid;Aufwendungen für ein häusliches Arbeitszimmer
B-2025000039;L-0011;Homepage;03.07.2025;10.07.2025;-9,99;0,00;-9,99;paid;Werbekosten
B-2025000040;L-0039;Managed Nextcloud;08.07.2025;08.07.2025;-5,11;0,00;-5,11;paid;Fremdleistung (Dienstleistung)
B-2025000041;L-0044;2025-29965;18.06.2025;25.06.2025;-49,90;0,00;-49,90;paid;Software/EDV (Büroartikel)
B-2025000042;L-0019;Cloud-Backup;09.07.2025;09.07.2025;-0,82;0,00;-0,82;paid;Fremdleistung (Dienstleistung)
B-2025000043;L-0009;Cloud-Backup;01.07.2025;01.07.2025;-0,27;0,00;-0,27;paid;Fremdleistung (Dienstleistung)
B-2025000044;L-0002;Arbeitszimmer;01.08.2025;01.08.2025;-118,13;0,00;-118,13;paid;Aufwendungen für ein häusliches Arbeitszimmer
B-2025000045;L-0011;Homepage;03.08.2025;03.08.2025;-9,99;0,00;-9,99;paid;Werbekosten
B-2025000046;L-0039;Managed Nextcloud;08.08.2025;08.08.2025;-5,11;0,00;-5,11;paid;Fremdleistung (Dienstleistung)
B-2025000047;L-0019;Cloud-Backup;09.08.2025;09.08.2025;-0,84;0,00;-0,84;paid;Fremdleistung (Dienstleistung)
B-2025000048;L-0009;Cloud-Backup;01.08.2025;01.08.2025;-0,31;0,00;-0,31;paid;Fremdleistung (Dienstleistung)
B-2025000049;L-0046;ForkLift;11.08.2025;31.08.2025;-35,80;0,00;-35,80;paid;Software/EDV (Büroartikel)
B-2025000050;L-0002;Arbeitszimmer;01.09.2025;01.09.2025;-118,13;0,00;-118,13;paid;Aufwendungen für ein häusliches Arbeitszimmer
B-2025000051;L-0011;Homepage;03.09.2025;03.09.2025;-185,50;0,00;-185,50;paid;Werbekosten
B-2025000052;L-0039;Managed Nextcloud;08.09.2025;08.09.2025;-5,11;0,00;-5,11;paid;Fremdleistung (Dienstleistung)
B-2025000053;L-0047;Computerhardware;26.08.2025;01.09.2025;-1.238,99;0,00;-1.238,99;paid;Betriebsausstattung (Anlage), GWG ab 2018: bis 800 EUR (Geringwertiges Wirtschaftsgut)
B-2025000054;L-0019;Cloud-Backup;09.09.2025;16.09.2025;-0,88;0,00;-0,88;paid;Fremdleistung (Dienstleistung)
B-2025000055;L-0009;Cloud-Backup;01.09.2025;08.09.2025;-0,32;0,00;-0,32;paid;Fremdleistung (Dienstleistung)
B-2025000056;L-0048;GVR7859033;23.09.2025;;-219,00;0,00;-219,00;paid;GWG ab 2018: bis 800 EUR (Geringwertiges Wirtschaftsgut)
B-2025000057;L-0002;Arbeitszimmer;01.10.2025;01.10.2025;-118,13;0,00;-118,13;paid;Aufwendungen für ein häusliches Arbeitszimmer
B-2025000058;L-0011;Homepage;03.10.2025;10.10.2025;-33,75;0,00;-33,75;paid;Werbekosten
B-2025000059;L-0039;Managed Nextcloud;08.10.2025;08.10.2025;-5,11;0,00;-5,11;paid;Fremdleistung (Dienstleistung)
B-2025000060;L-0019;Cloud-Backup;09.10.2025;09.10.2025;-0,92;0,00;-0,92;paid;Fremdleistung (Dienstleistung)
B-2025000061;L-0009;Cloud-Backup;01.10.2025;19.10.2025;-0,31;0,00;-0,31;paid;Fremdleistung (Dienstleistung)
B-2025000062;L-0002;Arbeitszimmer;01.11.2025;01.11.2025;-118,13;0,00;-118,13;paid;Aufwendungen für ein häusliches Arbeitszimmer
B-2025000063;L-0011;Homepage;03.11.2025;10.11.2025;-21,87;0,00;-21,87;paid;Werbekosten
B-2025000064;L-0039;Managed Nextcloud;08.11.2025;08.11.2025;-5,11;0,00;-5,11;paid;Fremdleistung (Dienstleistung)
B-2025000065;L-0010;Telefon;01.11.2025;05.11.2025;-10,00;0,00;-10,00;paid;Telefon
B-2024000093;L-0037;Domain;13.11.2025;13.11.2025;-15,56;0,00;-15,56;paid;Fremdleistung (Dienstleistung)
B-2025000066;L-0049;DE-T12500608678;09.11.2025;19.11.2025;-0,98;0,00;-0,98;canceled;Software/EDV (Büroartikel)
B-2025000067;L-0009;Cloud-Backup;01.11.2025;19.11.2025;-0,23;0,00;-0,23;paid;Fremdleistung (Dienstleistung)
B-2025000068;L-0002;Arbeitszimmer;01.12.2025;01.12.2025;-118,13;0,00;-118,13;paid;Aufwendungen für ein häusliches Arbeitszimmer
B-2025000069;L-0011;Homepage;03.12.2025;10.12.2025;-9,99;0,00;-9,99;paid;Werbekosten
B-2025000070;L-0039;Managed Nextcloud;08.12.2025;08.12.2025;-5,11;0,00;-5,11;paid;Fremdleistung (Dienstleistung)
B-2025000071;L-0049;Cloud-Backup;09.12.2025;19.12.2025;-1,02;0,00;-1,02;paid;Fremdleistung (Dienstleistung)
B-2025000072;L-0009;Cloud-Backup;01.12.2025;19.12.2025;-0,20;0,00;-0,20;paid;Fremdleistung (Dienstleistung)
B-2025000066-1;L-0049;DE-T12500608678;09.11.2025;19.11.2025;-0,98;0,00;-0,98;paid;Fremdleistung (Dienstleistung)
