R-2025010002;K-0027;Project Beispiel 52713;31.01.2025;28.02.2025;2.000,00;0,00;2.000,00;9,00;1.991,00;Bezahlt;Rechnung
R-2025010001;K-0013;;30.01.2025;27.02.2025;40,00;0,00;40,00;0,00;40,00;Bezahlt;Rechnung
R-2025030001;K-0005;;12.03.2025;09.04.2025;76,00;0,00;76,00;0,00;76,00;Bezahlt;Rechnung
R-2025030002;K-0022;;31.03.2025;28.04.2025;520,00;0,00;520,00;0,00;520,00;Bezahlt;Rechnung
R-2025060001;K-0027;Projekt Beispiel Support (storniert);30.06.2025;28.07.2025;1.005,00;0,00;1.005,00;0,00;0,00;Storniert;Rechnung
R-2025060001-2;K-0023;Projekt Beispiel Support;30.06.2025;28.07.2025;1.005,00;0,00;1.005,00;0,00;1.005,00;Bezahlt;Rechnung
R-2025060001-S;K-0027;Projekt Beispiel Support;30.06.2025;28.07.2025;-1.005,00;0,00;-1.005,00;-1.005,00;0,00;Bezahlt;Stornorechnung
R-2025080001;K-0023;Projekt BeispielSupport;21.08.2025;18.09.2025;1.005,00;0,00;1.005,00;0,00;1.005,00;Bezahlt;Rechnung
R-2025090001;K-0004;storniert;26.09.2025;24.10.2025;379,00;0,00;379,00;0,00;0,00;Storniert;Rechnung
R-2025090001-2;K-0004;;29.09.2025;27.10.2025;379,00;0,00;379,00;0,00;379,00;Bezahlt;Rechnung
R-2025090001-S;K-0004;;29.09.2025;27.10.2025;-379,00;0,00;-379,00;-379,00;0,00;Bezahlt;Stornorechnung
R-2025110001;K-0028;;23.11.2025;21.12.2025;320,00;0,00;320,00;0,00;320,00;Bezahlt;Rechnung
R-2024120001;K-0027;Project Beispiel 52713 (2024);15.12.2024;15.01.2025;1.995,00;0,00;1.995,00;0,00;1.995,00;Bezahlt;Rechnung
