Zahlung zu B-2025000001;;B-2025000001;01.01.2025;-107,60
Zahlung zu B-2025000001 (storniert);;B-2025000001;04.01.2025;107,60
Zahlung zu B-2025000001-1;;B-2025000001-1;01.01.2025;-119,82
Zahlung zu B-2025000004;;B-2025000004;09.01.2025;-5,11
Zahlung zu B-2025000002;;B-2025000002;07.01.2025;-9,99
Zahlung zu R-2024120001;R-2024120001;;24.01.2025;1.995,00
Zahlung zu B-2025000008;;B-2025000008;27.01.2025;-1.000,00
Zahlung zu R-2025010001;R-2025010001;;04.02.2025;40,00
Zahlung zu R-2025010002;R-2025010002;;07.02.2025;1.991,00
Zahlung zu B-2025000009;;B-2025000009;01.02.2025;-118,13
Zahlung zu B-2025000011;;B-2025000011;10.02.2025;-5,11
Zahlung zu B-2025000010;;B-2025000010;07.02.2025;-9,99
Zahlung zu B-2025000012;;B-2025000012;10.02.2025;-1.000,00
Zahlung zu B-2025000005;;B-2025000005;09.01.2025;-0,67
Zahlung zu B-2025000006;;B-2025000006;03.01.2025;-0,36
Zahlung zu B-2025000015;;B-2025000015;01.03.2025;-118,13
Zahlung zu B-2025000017;;B-2025000017;09.03.2025;-5,11
Zahlung zu B-2025000016;;B-2025000016;07.03.2025;-9,99
Zahlung zu B-2025000018;;B-2025000018;05.03.2025;-10,00
Zahlung zu B-2025000014;;B-2025000014;02.02.2025;-0,31
Zahlung zu B-2025000013;;B-2025000013;09.02.2025;-0,68
Zahlung zu B-2025000020;;B-2025000020;02.03.2025;-0,30
Zahlung zu B-2025000019;;B-2025000019;09.03.2025;-0,71
Zahlung zu R-2025030001;R-2025030001;;01.04.2025;76,00
Zahlung zu B-2025000021;;B-2025000021;01.04.2025;-118,13
Zahlung zu B-2025000022;;B-2025000022;07.04.2025;-9,99
Zahlung zu B-2025000023;;B-2025000023;09.04.2025;-5,11
Zahlung zu B-2025000024;;B-2025000024;09.04.2025;-0,75
Zahlung zu B-2025000025;;B-2025000025;02.04.2025;-0,33
Zahlung zu B-2025000026;;B-2025000026;07.05.2025;-118,13
Zahlung zu B-2025000027;;B-2025000027;07.05.2025;-9,99
Zahlung zu B-2025000029;;B-2025000029;09.05.2025;-5,11
Zahlung zu B-2025000030;;B-2025000030;09.05.2025;-141,37
Zahlung zu R-2025030002;R-2025030002;;09.05.2025;520,00
Zahlung zu B-2025000033;;B-2025000033;01.06.2025;-118,13
Zahlung zu B-2025000035;;B-2025000035;09.06.2025;-5,11
Zahlung zu R-2025060001-2;R-2025060001-2;;30.06.2025;1.005,00
Zahlung zu B-2025000031;;B-2025000031;09.05.2025;-0,79
Zahlung zu B-2025000036;;B-2025000036;09.06.2025;-0,79
Zahlung zu B-2025000040;;B-2025000040;09.07.2025;-5,11
Zahlung zu B-2025000032;;B-2025000032;03.05.2025;-0,32
Zahlung zu B-2025000037;;B-2025000037;02.06.2025;-0,28
Zahlung zu B-2025000034;;B-2025000034;07.06.2025;-9,99
Zahlung zu B-2025000039;;B-2025000039;07.07.2025;-9,99
Zahlung zu B-2025000038;;B-2025000038;01.07.2025;-118,13
Zahlung zu B-2025000041;;B-2025000041;18.06.2025;-49,90
Zahlung zu B-2025000044;;B-2025000044;01.08.2025;-118,13
Zahlung zu B-2025000049;;B-2025000049;11.08.2025;-35,80
Zahlung zu B-2025000046;;B-2025000046;09.08.2025;-5,11
Zahlung zu R-2025080001;R-2025080001;;04.09.2025;1.005,00
Zahlung zu B-2025000052;;B-2025000052;09.09.2025;-5,11
Zahlung zu B-2025000051;;B-2025000051;07.09.2025;-185,50
Zahlung zu B-2025000050;;B-2025000050;01.09.2025;-118,13
Zahlung zu B-2025000045;;B-2025000045;07.08.2025;-9,99
Zahlung zu B-2025000047;;B-2025000047;09.08.2025;-0,84
Zahlung zu B-2025000042;;B-2025000042;09.07.2025;-0,82
Zahlung zu B-2025000048;;B-2025000048;02.08.2025;-0,31
Zahlung zu B-2025000043;;B-2025000043;02.07.2025;-0,27
Zahlung zu B-2025000053;;B-2025000053;01.09.2025;-1.238,99
Zahlung zu B-2025000056;;B-2025000056;18.09.2025;-219,00
Zahlung zu B-2025000054;;B-2025000054;09.09.2025;-0,88
Zahlung zu B-2025000055;;B-2025000055;01.09.2025;-0,32
Zahlung zu R-2025090001-2;R-2025090001-2;;01.10.2025;379,00
Zahlung zu B-2025000057;;B-2025000057;01.10.2025;-118,13
Zahlung zu B-2025000059;;B-2025000059;09.10.2025;-5,11
Zahlung zu B-2025000058;;B-2025000058;07.10.2025;-33,75
Zahlung zu B-2025000062;;B-2025000062;01.11.2025;-118,13
Zahlung zu B-2025000063;;B-2025000063;07.11.2025;-21,87
Zahlung zu B-2025000065;;B-2025000065;05.11.2025;-10,00
Zahlung zu B-2025000060;;B-2025000060;09.10.2025;-0,92
Zahlung zu B-2025000061;;B-2025000061;02.10.2025;-0,31
Zahlung zu B-2025000064;;B-2025000064;09.11.2025;-5,11
Zahlung zu B-2024000093;;B-2024000093;13.11.2025;-15,56
Zahlung zu R-2025110001;R-2025110001;;25.11.2025;320,00
Zahlung zu B-2025000070;;B-2025000070;09.12.2025;-5,11
Zahlung zu B-2025000068;;B-2025000068;01.12.2025;-118,13
Zahlung zu B-2025000069;;B-2025000069;07.12.2025;-9,99
Zahlung zu B-2025000066;;B-2025000066;09.11.2025;-0,98
Zahlung zu B-2025000071;;B-2025000071;09.12.2025;-1,02
Zahlung zu B-2025000066 (storniert);;B-2025000066;29.12.2025;0,98
Zahlung zu B-2025000066-1;;B-2025000066-1;09.11.2025;-0,98
Zahlung zu B-2025000067;;B-2025000067;02.11.2025;-0,23
Zahlung zu B-2025000072;;B-2025000072;02.12.2025;-0,20
